id,first_name,last_name,email,gender,ip_address
1,Phillipe,Blockwell,pblockwell0@timesonline.co.uk,Male,219.128.6.103
2,Konstantin,De Gogay,kdegogay1@hibu.com,Male,166.83.232.239
3,Aurilia,Maasz,amaasz2@loc.gov,Female,17.117.162.74
4,Richart,Fawdery,rfawdery3@e-recht24.de,Male,32.97.90.133
5,Jabez,McAlroy,jmcalroy4@bbb.org,Male,196.164.158.228
6,Cammy,Sabattier,csabattier5@istockphoto.com,Female,82.227.166.219
7,Sisely,McQuaid,smcquaid6@xinhuanet.com,Female,18.122.40.173
8,Trix,Matyushkin,tmatyushkin7@seattletimes.com,Female,177.169.164.101
9,Saundra,Melan,smelan8@wikispaces.com,Male,15.93.188.124
10,Roman,Pohl,rpohl9@dagondesign.com,Male,21.41.78.58
11,Zea,Welburn,zwelburna@dot.gov,Genderqueer,17.39.246.147
12,Perle,Hamsher,phamsherb@unblog.fr,Female,54.180.107.15
13,Tilda,Hughes,thughesc@skype.com,Female,28.170.214.25
14,Jonis,Zoppie,jzoppied@weibo.com,Female,39.31.162.176
15,Kare,Sommer,ksommere@archive.org,Female,132.205.188.75
16,Rudyard,Borrows,rborrowsf@spotify.com,Male,12.94.137.197
17,Bobbette,Ander,banderg@deviantart.com,Female,150.157.128.92
18,Shandie,McFaul,smcfaulh@networksolutions.com,Female,196.31.58.143
19,Nola,Chaise,nchaisei@bbc.co.uk,Female,30.66.113.93
20,Stanislas,Pickover,spickoverj@mlb.com,Male,126.120.120.115
21,Lev,Yedall,lyedallk@meetup.com,Male,132.69.11.84
22,Omar,Ruoff,oruoffl@answers.com,Male,65.221.39.194
23,Willow,Matysik,wmatysikm@adobe.com,Female,30.155.87.70
24,Inez,Jansson,ijanssonn@newsvine.com,Female,50.35.155.229
25,Miriam,Siveter,msivetero@blogspot.com,Female,67.88.233.79
26,Bettye,Hawtrey,bhawtreyp@cbslocal.com,Female,251.238.121.112
27,Yanaton,Challace,ychallaceq@army.mil,Male,228.145.90.63
28,Goddard,Winston,gwinstonr@illinois.edu,Male,168.217.156.132
29,Silvan,Klement,sklements@disqus.com,Male,254.249.67.100
30,Chaddy,Spriddle,cspriddlet@instagram.com,Male,208.197.235.106
31,Rhodia,Dinse,rdinseu@theatlantic.com,Female,27.151.128.21
32,Ora,Layus,olayusv@goo.gl,Female,32.88.134.255
33,Matteo,Riby,mribyw@ifeng.com,Male,120.82.3.9
34,Connor,Iiannone,ciiannonex@state.gov,Male,250.152.204.144
35,Olympe,Twittey,otwitteyy@bloglovin.com,Female,206.12.190.161
36,Peyton,Laughtisse,plaughtissez@example.com,Male,74.240.12.211
37,Panchito,Churly,pchurly10@ted.com,Male,254.245.6.217
38,Mabelle,Jumeau,mjumeau11@psu.edu,Female,131.227.124.154
39,Ignacio,June,ijune12@ucoz.com,Male,5.189.119.217
40,Quentin,Coppen,qcoppen13@smh.com.au,Female,135.219.232.19
41,Burtie,Gainsborough,bgainsborough14@wikispaces.com,Male,114.13.132.243
42,Sherri,Capelow,scapelow15@forbes.com,Polygender,78.199.202.35
43,Coralie,Matousek,cmatousek16@imgur.com,Female,17.98.57.170
44,Tracee,Ambroz,tambroz17@smugmug.com,Female,38.219.152.189
45,Hilliary,Beek,hbeek18@barnesandnoble.com,Female,106.234.191.151
46,Wernher,Galliard,wgalliard19@google.ru,Male,64.80.226.108
47,Osborne,McKenzie,omckenzie1a@t-online.de,Male,228.87.142.183
48,Lonna,Ferriere,lferriere1b@netlog.com,Female,241.192.215.63
49,Pasquale,Serjeantson,pserjeantson1c@un.org,Male,20.208.179.10
50,Ethel,Mawson,emawson1d@springer.com,Female,92.95.228.13
51,Dorena,Brookhouse,dbrookhouse1e@lycos.com,Female,167.6.154.116
52,Paddy,Vasiliev,pvasiliev1f@amazon.com,Male,22.63.84.185
53,Debi,Rudsdale,drudsdale1g@4shared.com,Female,167.44.175.14
54,Janela,Creane,jcreane1h@toplist.cz,Female,133.123.227.117
55,Paula,Dundon,pdundon1i@xrea.com,Female,35.2.82.219
56,Dyann,Hanscomb,dhanscomb1j@paypal.com,Female,63.225.238.78
57,Joya,Ventham,jventham1k@cisco.com,Female,107.41.235.86
58,Gale,Langstone,glangstone1l@studiopress.com,Genderfluid,75.73.218.0
59,Ailbert,Allabush,aallabush1m@google.ru,Male,136.221.192.94
60,Mathew,Casley,mcasley1n@accuweather.com,Male,214.73.109.138
61,Billie,Josuweit,bjosuweit1o@japanpost.jp,Female,139.43.204.5
62,Fredric,Gosart,fgosart1p@hp.com,Male,241.198.52.160
63,Finn,Danser,fdanser1q@google.de,Male,74.55.67.146
64,Agna,Chishull,achishull1r@slate.com,Female,126.119.204.29
65,Bent,Culbert,bculbert1s@economist.com,Male,46.86.109.148
66,Jocelin,Kedslie,jkedslie1t@spotify.com,Female,148.211.219.7
67,Joanie,Perford,jperford1u@tripadvisor.com,Agender,234.177.207.185
68,Tris,Stoffers,tstoffers1v@mashable.com,Male,119.23.225.254
69,Hadrian,Kondratenko,hkondratenko1w@xrea.com,Male,173.140.98.224
70,Hillery,Ragbourne,hragbourne1x@jigsy.com,Male,12.12.199.107
71,Janella,Faircley,jfaircley1y@amazon.co.jp,Female,33.116.51.103
72,Ronica,Parkins,rparkins1z@nba.com,Female,222.101.74.64
73,Byrom,Dunkinson,bdunkinson20@mapy.cz,Male,238.161.236.207
74,Joel,Petow,jpetow21@simplemachines.org,Male,218.196.43.244
75,Bartlett,Roly,broly22@cnet.com,Male,214.115.191.227
76,Luella,Postin,lpostin23@wiley.com,Female,200.66.227.2
77,Germayne,Ondrousek,gondrousek24@naver.com,Male,79.39.34.79
78,Eydie,Huban,ehuban25@delicious.com,Bigender,141.121.11.215
79,Abbe,Wrist,awrist26@ehow.com,Male,8.10.220.199
80,Charlton,Frango,cfrango27@skype.com,Male,69.98.174.224
81,Fina,Hiscoe,fhiscoe28@amazonaws.com,Female,42.240.107.118
82,Regen,Clausen-Thue,rclausenthue29@elegantthemes.com,Male,175.200.216.31
83,Renelle,Cristoforetti,rcristoforetti2a@storify.com,Female,31.42.145.129
84,Renard,Witt,rwitt2b@discovery.com,Male,4.25.223.168
85,Norris,Newcombe,nnewcombe2c@eepurl.com,Male,162.26.112.132
86,Clay,Papierz,cpapierz2d@free.fr,Male,142.224.75.38
87,Jacob,Bim,jbim2e@flavors.me,Male,231.182.144.77
88,Rana,Capaldo,rcapaldo2f@telegraph.co.uk,Genderfluid,133.113.66.222
89,Quintana,Korous,qkorous2g@cocolog-nifty.com,Female,254.191.3.86
90,Aurore,Fleetham,afleetham2h@mashable.com,Female,222.84.181.253
91,Matthus,Derington,mderington2i@google.co.jp,Male,0.39.70.180
92,Jennee,Pauls,jpauls2j@cbslocal.com,Female,55.152.246.10
93,Nataline,Holhouse,nholhouse2k@economist.com,Female,200.3.89.142
94,Rana,Street,rstreet2l@yandex.ru,Female,105.116.76.72
95,Leesa,Robinett,lrobinett2m@biblegateway.com,Female,208.149.59.137
96,Lesly,De Ruel,lderuel2n@ibm.com,Female,152.87.218.253
97,Marwin,Takkos,mtakkos2o@myspace.com,Male,171.215.239.103
98,Delano,Mccaull,dmccaull2p@amazon.com,Male,31.81.164.113
99,Joe,Lowndes,jlowndes2q@woothemes.com,Agender,1.87.163.27
100,Merna,Caddell,mcaddell2r@sbwire.com,Female,221.211.225.199
101,Frans,Hastilow,fhastilow2s@unc.edu,Male,0.249.149.41
102,Orlan,Concklin,oconcklin2t@stumbleupon.com,Male,24.46.82.110
103,Celestia,Rolls,crolls2u@icq.com,Female,107.71.219.82
104,Amerigo,Boor,aboor2v@360.cn,Male,7.234.8.9
105,Fred,Bartomeu,fbartomeu2w@yale.edu,Bigender,236.19.121.13
106,Deane,Sember,dsember2x@issuu.com,Male,158.79.193.216
107,Clevie,Deeny,cdeeny2y@twitpic.com,Male,72.8.142.121
108,Berk,Balazot,bbalazot2z@vk.com,Male,112.113.57.98
109,Marcelia,Iorizzo,miorizzo30@technorati.com,Female,219.107.148.95
110,Kathryn,Whatsize,kwhatsize31@theatlantic.com,Female,202.188.145.95
111,Judon,Garraway,jgarraway32@skyrock.com,Male,76.219.196.245
112,Flossy,Endricci,fendricci33@house.gov,Female,143.237.145.15
113,Cindelyn,Mellodey,cmellodey34@networksolutions.com,Female,15.117.203.36
114,Pippy,Lampen,plampen35@rakuten.co.jp,Female,118.74.175.46
115,Trstram,Garbett,tgarbett36@bloglovin.com,Male,36.10.217.4
116,Christa,Shury,cshury37@dot.gov,Genderqueer,166.68.173.23
117,Kearney,Kimmitt,kkimmitt38@dyndns.org,Genderqueer,165.29.109.106
118,Miltie,Bagwell,mbagwell39@printfriendly.com,Male,36.229.16.21
119,Shandie,Fay,sfay3a@amazon.co.jp,Female,230.98.32.186
120,Reed,Adamovitz,radamovitz3b@webs.com,Male,251.242.0.86
121,Hyacintha,Stigell,hstigell3c@craigslist.org,Female,29.119.143.162
122,Susi,Mouatt,smouatt3d@topsy.com,Agender,58.117.40.244
123,Ali,Pullin,apullin3e@squidoo.com,Male,194.196.154.240
124,Anthony,Mickan,amickan3f@hp.com,Male,91.134.144.193
125,Jorgan,Ferraretto,jferraretto3g@cocolog-nifty.com,Male,230.131.242.42
126,Carmella,Handover,chandover3h@myspace.com,Female,24.139.82.231
127,Ellary,Planque,eplanque3i@phpbb.com,Male,6.173.58.149
128,Adrian,Fordham,afordham3j@thetimes.co.uk,Male,160.162.243.93
129,Tripp,Pre,tpre3k@washingtonpost.com,Male,218.230.154.135
130,Alyce,Abate,aabate3l@google.com.au,Female,29.243.56.122
131,Danyette,Lornsen,dlornsen3m@digg.com,Female,180.30.109.97
132,Garik,Tellesson,gtellesson3n@1und1.de,Male,61.88.64.180
133,Briney,Nairn,bnairn3o@sbwire.com,Non-binary,240.201.47.59
134,Brod,Seignior,bseignior3p@bloglines.com,Male,213.29.237.74
135,Preston,Pepon,ppepon3q@sohu.com,Male,91.221.236.137
136,Merill,Yallowley,myallowley3r@samsung.com,Agender,200.85.91.47
137,Urbanus,Medling,umedling3s@si.edu,Male,250.220.250.176
138,Ardisj,Watkiss,awatkiss3t@intel.com,Female,41.49.216.190
139,Beryle,Keppel,bkeppel3u@mashable.com,Female,197.201.216.88
140,Querida,Girdlestone,qgirdlestone3v@dropbox.com,Female,118.129.252.168
141,Hayes,Bravery,hbravery3w@indiegogo.com,Male,85.2.158.36
142,Maximilien,McAlinion,mmcalinion3x@un.org,Male,233.225.171.119
143,Anatol,Lodwick,alodwick3y@ted.com,Male,89.140.86.147
144,Hilliard,Davy,hdavy3z@wix.com,Male,169.190.129.253
145,Annabella,Bauduin,abauduin40@sciencedaily.com,Female,184.42.32.53
146,Geoffry,Essex,gessex41@liveinternet.ru,Male,147.53.41.129
147,Sibbie,Gerring,sgerring42@tinyurl.com,Female,97.118.110.178
148,Kasey,McArthur,kmcarthur43@dell.com,Female,13.248.187.88
149,Boigie,McPartlin,bmcpartlin44@dropbox.com,Male,21.46.32.84
150,Gisela,Olechnowicz,golechnowicz45@usgs.gov,Female,92.37.198.44
151,Washington,Batchelour,wbatchelour46@forbes.com,Male,19.141.228.234
152,Bessie,Ullett,bullett47@patch.com,Female,110.190.223.116
153,Brigitta,Dunbleton,bdunbleton48@squarespace.com,Female,200.223.35.49
154,Odella,Preskett,opreskett49@google.cn,Female,96.204.57.12
155,Dene,Splain,dsplain4a@tiny.cc,Male,224.86.195.143
156,Ashley,Adel,aadel4b@hostgator.com,Female,134.143.178.117
157,Charmain,Rabbet,crabbet4c@un.org,Female,122.186.122.177
158,Lyndell,Tames,ltames4d@sciencedirect.com,Female,224.181.82.176
159,Orelee,Teodoro,oteodoro4e@dot.gov,Female,194.50.1.75
160,Jehu,Blose,jblose4f@theglobeandmail.com,Male,45.136.229.0
161,Kippy,Aldington,kaldington4g@japanpost.jp,Male,255.127.252.105
162,Adam,Helkin,ahelkin4h@elegantthemes.com,Male,114.193.82.181
163,Pierrette,Muge,pmuge4i@sbwire.com,Female,200.14.116.131
164,Bert,Harget,bharget4j@marketwatch.com,Polygender,222.19.207.119
165,Kellia,Crabtree,kcrabtree4k@desdev.cn,Female,168.248.252.54
166,Nevil,Chesser,nchesser4l@sfgate.com,Male,37.199.151.150
167,Schuyler,Catley,scatley4m@fotki.com,Agender,18.98.202.201
168,Janina,Keoghan,jkeoghan4n@altervista.org,Female,194.89.12.157
169,Calla,Gegay,cgegay4o@mapquest.com,Female,205.16.73.238
170,Sianna,McGaw,smcgaw4p@naver.com,Female,47.7.48.44
171,Happy,Grubb,hgrubb4q@discuz.net,Female,63.107.99.122
172,Germain,Coneybeer,gconeybeer4r@prnewswire.com,Female,229.106.52.233
173,Cecil,Deaconson,cdeaconson4s@free.fr,Male,189.151.199.56
174,El,Orniz,eorniz4t@nasa.gov,Male,175.105.223.77
175,Sadella,Toseland,stoseland4u@infoseek.co.jp,Female,169.103.73.129
176,Yoko,Gunney,ygunney4v@marriott.com,Female,176.188.109.138
177,Antoinette,Argabrite,aargabrite4w@slate.com,Female,139.153.180.125
178,Dinah,Bury,dbury4x@imageshack.us,Genderqueer,219.87.219.210
179,Lib,Grundon,lgrundon4y@amazon.com,Female,65.84.105.187
180,Keelby,Andryushin,kandryushin4z@ovh.net,Male,12.37.224.217
181,Lillis,Rossander,lrossander50@tumblr.com,Female,206.19.30.139
182,Jeniece,Sheivels,jsheivels51@webnode.com,Female,73.236.36.4
183,Sherm,Ryott,sryott52@go.com,Male,233.1.143.151
184,Vyky,Botley,vbotley53@icq.com,Female,191.55.223.163
185,Caspar,Hiscoke,chiscoke54@seattletimes.com,Male,208.142.119.241
186,Budd,Flude,bflude55@vinaora.com,Male,64.164.141.104
187,Rollo,Bourges,rbourges56@nydailynews.com,Male,175.91.33.193
188,Betsey,Brigginshaw,bbrigginshaw57@nyu.edu,Female,105.241.11.73
189,Mallory,Gover,mgover58@gmpg.org,Female,156.31.17.87
190,Dalia,Bayston,dbayston59@github.com,Female,189.0.85.223
191,Celestine,Moreton,cmoreton5a@slashdot.org,Female,181.198.95.221
192,Thomasa,Woodrow,twoodrow5b@plala.or.jp,Female,5.220.209.1
193,Bryn,Narramore,bnarramore5c@blog.com,Female,166.5.251.172
194,Anabel,Brownett,abrownett5d@bizjournals.com,Bigender,103.171.191.53
195,Freeland,Khotler,fkhotler5e@goo.ne.jp,Male,175.235.103.168
196,Torey,Spawton,tspawton5f@webs.com,Female,61.205.142.138
197,Trenna,Strutz,tstrutz5g@posterous.com,Female,115.219.247.8
198,Dasya,Colthard,dcolthard5h@bbc.co.uk,Female,166.207.245.163
199,Ferdinand,Dumingos,fdumingos5i@squidoo.com,Male,219.26.239.225
200,Scarlett,Aps,saps5j@mapquest.com,Female,42.187.154.132
201,Dyanne,Cowterd,dcowterd5k@acquirethisname.com,Female,103.173.225.69
202,Harrison,Meagh,hmeagh5l@sitemeter.com,Male,124.140.137.38
203,Terrance,Deville,tdeville5m@parallels.com,Male,219.246.107.228
204,Horton,Seeman,hseeman5n@eventbrite.com,Male,50.63.12.241
205,Torey,Bosnell,tbosnell5o@twitter.com,Male,11.221.43.140
206,Jessey,Fasse,jfasse5p@salon.com,Male,65.146.205.124
207,Dyna,Collimore,dcollimore5q@mediafire.com,Female,177.165.240.118
208,Maurene,Sponder,msponder5r@oakley.com,Female,209.235.132.166
209,Brooks,Browell,bbrowell5s@whitehouse.gov,Male,129.251.2.246
210,Hussein,Tomaello,htomaello5t@163.com,Male,112.49.79.162
211,Patten,Flacknoe,pflacknoe5u@tiny.cc,Male,160.95.250.251
212,Aggy,Delacour,adelacour5v@wp.com,Female,66.142.155.107
213,Britteny,De Roos,bderoos5w@ibm.com,Female,165.56.100.161
214,Em,Aisthorpe,eaisthorpe5x@liveinternet.ru,Male,255.210.8.41
215,Beulah,Lundberg,blundberg5y@flavors.me,Female,168.204.54.28
216,Simone,Sheal,ssheal5z@marketwatch.com,Female,89.208.114.75
217,Ginnie,Attreed,gattreed60@si.edu,Female,252.198.203.14
218,Laney,Craddy,lcraddy61@chron.com,Female,195.120.145.35
219,Melamie,Warnes,mwarnes62@g.co,Female,206.149.251.172
220,Ashby,Frounks,afrounks63@wiley.com,Male,83.65.40.46
221,Waldemar,Mourant,wmourant64@about.me,Male,84.137.227.178
222,Farrell,Le Marquis,flemarquis65@eventbrite.com,Male,33.137.182.85
223,Bessie,Faires,bfaires66@smugmug.com,Genderqueer,65.44.57.0
224,Maxie,Kuhnt,mkuhnt67@4shared.com,Male,180.177.152.18
225,Casper,Proom,cproom68@nytimes.com,Polygender,134.244.142.21
226,Kean,Maddin,kmaddin69@parallels.com,Male,113.63.20.5
227,Sheilakathryn,Cerman,scerman6a@pbs.org,Female,231.222.192.128
228,Beniamino,Barenski,bbarenski6b@surveymonkey.com,Male,202.38.210.193
229,Page,Hackleton,phackleton6c@netscape.com,Male,180.45.149.138
230,Claybourne,Melvin,cmelvin6d@ed.gov,Male,239.94.128.182
231,Olia,Rentelll,orentelll6e@princeton.edu,Female,74.212.25.142
232,Jerrold,Matus,jmatus6f@newsvine.com,Male,28.107.59.111
233,Markos,Anscott,manscott6g@blogspot.com,Male,141.103.72.115
234,Dallas,Sandever,dsandever6h@1und1.de,Male,180.16.125.103
235,Hans,Banham,hbanham6i@theguardian.com,Male,61.195.101.133
236,Talbert,Paeckmeyer,tpaeckmeyer6j@usda.gov,Male,83.137.36.133
237,Boony,Morpeth,bmorpeth6k@gnu.org,Male,226.62.181.28
238,Stearne,Capener,scapener6l@creativecommons.org,Genderfluid,193.26.159.153
239,Dave,Nanuccioi,dnanuccioi6m@intel.com,Male,255.66.243.200
240,Rosabelle,Donizeau,rdonizeau6n@vistaprint.com,Female,183.241.209.121
241,Leroi,Oxenford,loxenford6o@shop-pro.jp,Male,156.28.126.243
242,Hobart,Toseland,htoseland6p@jiathis.com,Male,116.130.93.82
243,Margo,Kearford,mkearford6q@google.nl,Female,115.175.135.36
244,Garfield,Minogue,gminogue6r@list-manage.com,Male,236.155.231.85
245,Viv,Fairlem,vfairlem6s@google.de,Bigender,163.126.208.241
246,Purcell,Grahame,pgrahame6t@uol.com.br,Male,97.25.181.198
247,Elane,Lorent,elorent6u@amazon.co.uk,Genderfluid,192.209.191.130
248,Bone,Renshall,brenshall6v@census.gov,Bigender,11.5.48.200
249,Jules,Broune,jbroune6w@ycombinator.com,Male,199.110.54.81
250,Wren,Snowden,wsnowden6x@ow.ly,Female,168.163.53.152
251,Carolynn,Candey,ccandey6y@nature.com,Female,83.108.80.185
252,Maryl,Arkle,markle6z@cmu.edu,Female,193.64.169.120
253,Bianca,Flucker,bflucker70@cbsnews.com,Female,100.76.35.147
254,Creight,Ever,cever71@lulu.com,Non-binary,106.171.254.30
255,Husain,Tuffs,htuffs72@amazonaws.com,Genderqueer,84.71.150.71
256,Renaldo,Eldon,reldon73@toplist.cz,Male,175.49.96.63
257,Orella,Slany,oslany74@marriott.com,Female,64.27.8.190
258,Jo-anne,Hasty,jhasty75@123-reg.co.uk,Female,154.123.218.57
259,Dunstan,Guillou,dguillou76@typepad.com,Male,5.145.121.86
260,Hasheem,Shelliday,hshelliday77@wufoo.com,Male,211.77.120.80
261,Filippa,Sedgeworth,fsedgeworth78@privacy.gov.au,Female,85.209.152.69
262,Sasha,Fricker,sfricker79@zimbio.com,Female,100.155.130.65
263,Karlen,Alfonso,kalfonso7a@sciencedirect.com,Female,222.186.149.65
264,Agace,Eleshenar,aeleshenar7b@vk.com,Female,251.200.21.93
265,Bryana,Mitkin,bmitkin7c@goo.ne.jp,Bigender,152.125.194.4
266,Georgette,Paxforde,gpaxforde7d@walmart.com,Female,135.13.140.123
267,Perl,Lebbern,plebbern7e@eepurl.com,Female,186.164.195.28
268,Ekaterina,Farfalameev,efarfalameev7f@pcworld.com,Female,238.167.26.224
269,Harley,Chick,hchick7g@youku.com,Male,36.71.223.205
270,Augustine,Greggor,agreggor7h@icq.com,Male,6.23.239.26
271,Wayne,Rollingson,wrollingson7i@usnews.com,Male,109.39.8.196
272,Mohandas,Leggatt,mleggatt7j@accuweather.com,Male,30.27.180.223
273,Theodoric,Stains,tstains7k@smugmug.com,Male,131.8.120.215
274,Zuzana,Toderini,ztoderini7l@delicious.com,Polygender,243.183.24.30
275,Norry,Kemble,nkemble7m@sohu.com,Male,56.162.100.235
276,Justis,Steedman,jsteedman7n@bigcartel.com,Male,23.104.73.28
277,Asia,Goodfield,agoodfield7o@friendfeed.com,Female,15.108.90.53
278,Tamra,O'Scollee,toscollee7p@wikimedia.org,Female,59.115.208.157
279,Evelin,Cossor,ecossor7q@bizjournals.com,Male,62.252.167.245
280,Correy,Twigg,ctwigg7r@is.gd,Bigender,89.188.71.86
281,Raphaela,Sworder,rsworder7s@mlb.com,Female,76.199.104.243
282,Derk,Powdrill,dpowdrill7t@bluehost.com,Male,179.43.173.244
283,Craggie,Darben,cdarben7u@microsoft.com,Male,194.183.89.171
284,Ginnifer,Kuller,gkuller7v@freewebs.com,Non-binary,80.0.98.86
285,Ariel,Cullimore,acullimore7w@freewebs.com,Female,2.227.55.111
286,Karolina,Elwill,kelwill7x@plala.or.jp,Female,216.68.178.35
287,Richie,Mustill,rmustill7y@nytimes.com,Male,157.75.20.73
288,Daffie,Prinn,dprinn7z@drupal.org,Female,243.55.228.165
289,Emlen,Mosedall,emosedall80@vinaora.com,Male,240.135.1.154
290,Karlyn,Convery,kconvery81@hubpages.com,Female,240.94.60.250
291,Dexter,Schelle,dschelle82@cbsnews.com,Male,165.235.235.193
292,Aksel,Tamsett,atamsett83@gov.uk,Male,180.30.148.68
293,Everard,Metts,emetts84@sohu.com,Male,28.141.145.129
294,Rolando,Levens,rlevens85@wordpress.com,Male,247.127.67.228
295,Ike,Rogans,irogans86@liveinternet.ru,Male,233.143.86.113
296,Lenci,Grigoryov,lgrigoryov87@dion.ne.jp,Male,197.164.30.35
297,Sophronia,Jankin,sjankin88@blog.com,Female,116.19.9.59
298,Selinda,Rechert,srechert89@reverbnation.com,Female,54.53.70.163
299,Gillan,Metterick,gmetterick8a@theatlantic.com,Non-binary,73.175.221.189
300,Eydie,Errowe,eerrowe8b@webeden.co.uk,Female,157.237.3.57
301,Sebastian,Adams,sadams8c@state.gov,Male,31.25.187.147
302,Shelagh,Bridgland,sbridgland8d@mozilla.org,Female,52.158.232.15
303,Jeff,Bidewell,jbidewell8e@netlog.com,Bigender,42.188.203.104
304,Mohammed,Rickman,mrickman8f@gov.uk,Male,211.197.10.68
305,Pooh,Reynoldson,preynoldson8g@adobe.com,Male,168.239.58.61
306,Maurise,Drewery,mdrewery8h@berkeley.edu,Genderqueer,192.52.55.55
307,Tamra,Tassell,ttassell8i@deviantart.com,Female,189.62.25.43
308,Edd,Fobidge,efobidge8j@ehow.com,Male,225.119.111.165
309,Vincenty,Berthomier,vberthomier8k@mediafire.com,Polygender,67.251.146.220
310,Alysia,Corrie,acorrie8l@dot.gov,Female,167.244.226.131
311,Ricard,Rosenvasser,rrosenvasser8m@vk.com,Male,39.158.240.185
312,Ric,Dayne,rdayne8n@rediff.com,Male,193.100.79.244
313,Powell,Brisse,pbrisse8o@hostgator.com,Agender,46.24.229.60
314,Kellyann,Kleinhaut,kkleinhaut8p@shop-pro.jp,Female,223.47.172.220
315,Carissa,Gudgeon,cgudgeon8q@samsung.com,Female,152.72.35.142
316,Ase,Spary,aspary8r@blinklist.com,Male,47.247.3.130
317,Son,Valiant,svaliant8s@yelp.com,Male,161.227.240.15
318,Verene,Redon,vredon8t@boston.com,Female,237.169.221.41
319,Shirl,Guage,sguage8u@ox.ac.uk,Female,48.198.146.66
320,Tyson,Westgate,twestgate8v@bloomberg.com,Male,255.83.211.126
321,Steffi,Cholwell,scholwell8w@mapquest.com,Female,164.178.57.132
322,Zedekiah,Mattack,zmattack8x@booking.com,Male,75.79.238.18
323,Dolorita,Cassedy,dcassedy8y@behance.net,Female,133.100.17.117
324,Paulie,Fathers,pfathers8z@biglobe.ne.jp,Male,60.215.146.19
325,Gradeigh,McGrorty,gmcgrorty90@accuweather.com,Male,61.186.117.183
326,Haslett,Mars,hmars91@shutterfly.com,Male,98.2.77.203
327,Sigfrid,Kerans,skerans92@usnews.com,Male,4.159.138.190
328,Gay,Kuhnhardt,gkuhnhardt93@blog.com,Female,49.58.72.27
329,Derrik,Brimblecombe,dbrimblecombe94@multiply.com,Male,184.239.196.254
330,Wallie,Rodenhurst,wrodenhurst95@aboutads.info,Female,6.111.17.140
331,Mia,Loudiane,mloudiane96@infoseek.co.jp,Genderqueer,100.153.183.141
332,Erminie,McOwan,emcowan97@typepad.com,Female,84.74.45.56
333,Sabrina,Drover,sdrover98@taobao.com,Female,15.248.93.20
334,Dunstan,Sibille,dsibille99@npr.org,Male,227.129.186.14
335,Ofelia,Billo,obillo9a@shop-pro.jp,Female,215.129.76.43
336,Web,Pearman,wpearman9b@vk.com,Male,255.23.26.129
337,Riley,McNee,rmcnee9c@rambler.ru,Male,112.182.226.104
338,Blair,Summerlad,bsummerlad9d@japanpost.jp,Male,164.168.22.6
339,Patton,Speares,pspeares9e@friendfeed.com,Male,13.126.147.219
340,Kristi,Philpault,kphilpault9f@ca.gov,Polygender,170.7.133.103
341,Chrotoem,Falkingham,cfalkingham9g@squidoo.com,Male,122.37.13.113
342,Michal,Woodhouse,mwoodhouse9h@jimdo.com,Female,190.151.9.156
343,Farris,Llewelly,fllewelly9i@sfgate.com,Male,201.17.185.46
344,Kaitlyn,Hanby,khanby9j@vistaprint.com,Female,86.62.218.14
345,Raimondo,Staples,rstaples9k@timesonline.co.uk,Male,117.91.42.42
346,Erick,Ancketill,eancketill9l@symantec.com,Male,187.77.83.26
347,Decca,Prover,dprover9m@bandcamp.com,Male,190.52.58.125
348,Felisha,Brinklow,fbrinklow9n@si.edu,Female,168.187.11.179
349,Rowen,Breston,rbreston9o@psu.edu,Genderqueer,102.110.95.211
350,Tanya,Colls,tcolls9p@yahoo.co.jp,Female,135.99.73.163
351,Hymie,Olivello,holivello9q@go.com,Male,154.235.164.150
352,Marylynne,Happs,mhapps9r@weibo.com,Female,36.144.161.34
353,Suzette,Trahar,strahar9s@opensource.org,Female,21.211.61.60
354,Jonis,Pablos,jpablos9t@nps.gov,Female,194.99.212.238
355,Sunshine,Ninnis,sninnis9u@sogou.com,Female,74.0.171.34
356,Lindsay,Tenant,ltenant9v@yelp.com,Agender,194.203.183.78
357,Shanna,Pordall,spordall9w@ftc.gov,Female,253.123.38.78
358,Lark,Olivier,lolivier9x@theatlantic.com,Female,98.189.85.138
359,Korey,Bellard,kbellard9y@mayoclinic.com,Male,1.251.29.162
360,Klara,Cleeve,kcleeve9z@admin.ch,Female,244.237.34.250
361,Clementius,Padefield,cpadefielda0@shareasale.com,Male,209.245.47.146
362,Annabel,Brewerton,abrewertona1@opensource.org,Female,175.133.248.42
363,Luella,Ewers,lewersa2@ezinearticles.com,Female,141.23.121.124
364,Tandy,Bulford,tbulforda3@va.gov,Polygender,149.226.51.67
365,Abbye,Gowing,agowinga4@google.cn,Female,12.103.21.204
366,Dun,MacGlory,dmacglorya5@g.co,Male,182.12.98.71
367,Heath,Awde,hawdea6@netscape.com,Male,163.56.253.242
368,Cece,Outerbridge,couterbridgea7@cafepress.com,Male,68.180.49.85
369,Darby,Finn,dfinna8@tiny.cc,Male,151.163.60.97
370,Harald,Frankish,hfrankisha9@ed.gov,Male,154.124.15.41
371,Ring,Pettko,rpettkoaa@aol.com,Male,43.81.163.241
372,Carlee,Linck,clinckab@nifty.com,Female,185.169.103.93
373,Otes,Luttger,oluttgerac@mapquest.com,Genderfluid,184.77.245.160
374,Kevin,Lawry,klawryad@php.net,Male,47.1.211.61
375,Tull,Dufour,tdufourae@tinypic.com,Male,0.217.20.162
376,Clim,Pirkis,cpirkisaf@tiny.cc,Male,57.239.13.179
377,Coralie,Ridgers,cridgersag@bloglovin.com,Female,243.243.196.2
378,Liam,Robbert,lrobbertah@technorati.com,Male,166.51.53.206
379,Mahalia,Walkley,mwalkleyai@amazon.de,Female,9.99.122.105
380,Merline,Cowerd,mcowerdaj@plala.or.jp,Female,159.74.19.207
381,Ansell,Berthome,aberthomeak@alibaba.com,Male,31.53.174.91
382,Nicholas,Viner,nvineral@ftc.gov,Male,115.12.19.155
383,Katheryn,Acaster,kacasteram@patch.com,Female,58.92.12.40
384,Carling,Patek,cpatekan@bluehost.com,Non-binary,231.230.189.235
385,Sascha,Debow,sdebowao@fc2.com,Female,104.55.59.92
386,Justinian,Benedicte,jbenedicteap@omniture.com,Male,235.28.174.232
387,Robbyn,Yell,ryellaq@admin.ch,Female,187.253.33.146
388,Arlena,Gradley,agradleyar@gizmodo.com,Female,174.167.66.175
389,Bobbee,Yexley,byexleyas@merriam-webster.com,Female,53.69.64.242
390,Kaylee,Olligan,kolliganat@webeden.co.uk,Female,235.95.194.161
391,Marlena,Branchflower,mbranchflowerau@mac.com,Female,83.223.167.48
392,Derby,Saltmarshe,dsaltmarsheav@phpbb.com,Male,103.91.224.11
393,Philipa,Olechnowicz,polechnowiczaw@google.com.au,Female,15.27.19.7
394,Ebonee,Orgill,eorgillax@newsvine.com,Bigender,80.213.203.239
395,Zsa zsa,Qualtro,zqualtroay@hp.com,Female,121.40.37.77
396,Armstrong,Revel,arevelaz@soundcloud.com,Male,125.14.60.167
397,Kimberli,Caff,kcaffb0@1688.com,Female,242.143.15.96
398,Leontine,Sharper,lsharperb1@unc.edu,Female,166.188.170.12
399,Eryn,Berkeley,eberkeleyb2@google.com.hk,Female,94.202.20.83
400,Tobiah,Carthew,tcarthewb3@globo.com,Bigender,191.44.158.140
401,Holly,Rouse,hrouseb4@flickr.com,Female,184.64.71.129
402,Devin,Dewdney,ddewdneyb5@clickbank.net,Female,207.109.213.219
403,Sherwynd,Emanuele,semanueleb6@gnu.org,Male,162.218.222.147
404,Charita,Cliburn,ccliburnb7@hhs.gov,Female,39.60.221.156
405,Doroteya,Jansens,djansensb8@tiny.cc,Polygender,31.35.193.204
406,Elton,Di Biaggi,edibiaggib9@reuters.com,Male,244.52.76.20
407,Odelia,Champniss,ochampnissba@sohu.com,Female,42.36.210.39
408,Shay,Pohlke,spohlkebb@yandex.ru,Female,3.22.180.228
409,Feodor,Beldam,fbeldambc@yale.edu,Male,110.25.67.20
410,Pen,Devanny,pdevannybd@businessweek.com,Male,158.62.85.94
411,Yvor,Cavy,ycavybe@rediff.com,Male,121.4.118.249
412,Oates,Tows,otowsbf@cnbc.com,Male,157.15.241.69
413,Yurik,Tokley,ytokleybg@stanford.edu,Male,112.131.72.82
414,Bernarr,Mangham,bmanghambh@berkeley.edu,Male,17.93.209.253
415,Dallas,Ellington,dellingtonbi@telegraph.co.uk,Male,183.248.19.206
416,Saundra,Desesquelle,sdesesquellebj@ameblo.jp,Female,216.33.132.167
417,Harris,Patullo,hpatullobk@godaddy.com,Polygender,159.118.226.19
418,Ripley,Lingley,rlingleybl@tripod.com,Male,188.46.199.71
419,Alis,Pipping,apippingbm@omniture.com,Female,15.203.249.119
420,Ramsay,Quail,rquailbn@europa.eu,Male,33.57.164.5
421,Dewain,McKane,dmckanebo@github.io,Male,143.66.122.104
422,Gustie,Brown,gbrownbp@biblegateway.com,Genderqueer,194.123.150.185
423,Pedro,Huitt,phuittbq@jimdo.com,Male,64.101.41.178
424,Catie,Paoletto,cpaolettobr@addtoany.com,Female,195.103.151.146
425,Barron,Trowel,btrowelbs@netlog.com,Male,85.129.156.202
426,Farra,Olwen,folwenbt@ucoz.ru,Female,127.176.118.157
427,Sebastiano,Pedrocchi,spedrocchibu@fda.gov,Male,91.65.248.219
428,Crystie,Bussons,cbussonsbv@gov.uk,Female,128.61.241.99
429,Leeland,Abramzon,labramzonbw@nps.gov,Male,33.0.35.154
430,Vincent,Barkhouse,vbarkhousebx@domainmarket.com,Genderqueer,73.248.14.19
431,Gerhard,Severs,gseversby@youtube.com,Male,223.144.200.197
432,Kermy,Ogelbe,kogelbebz@bbc.co.uk,Male,73.117.166.80
433,Court,Burch,cburchc0@chron.com,Male,243.33.183.220
434,Heinrick,Samber,hsamberc1@freewebs.com,Male,23.98.150.125
435,Diann,Exposito,dexpositoc2@cdbaby.com,Female,171.193.42.230
436,Gerda,Davern,gdavernc3@gmpg.org,Female,142.199.114.161
437,Lutero,Sibbit,lsibbitc4@rambler.ru,Non-binary,17.240.139.82
438,Billi,Ducker,bduckerc5@tripadvisor.com,Female,88.254.29.249
439,Roosevelt,Welland,rwellandc6@google.it,Male,69.133.40.130
440,Brandtr,Garforth,bgarforthc7@ameblo.jp,Male,189.239.209.90
441,Tab,Umpleby,tumplebyc8@newsvine.com,Male,97.229.88.65
442,Myrta,O'Grada,mogradac9@comsenz.com,Female,56.217.146.34
443,Orlan,Beynkn,obeynknca@slate.com,Male,237.216.132.159
444,Beale,Samber,bsambercb@ebay.com,Male,199.100.20.239
445,Paule,Gemmell,pgemmellcc@instagram.com,Female,188.172.218.131
446,Allene,Skene,askenecd@census.gov,Female,118.105.247.157
447,Clemmy,Drees,cdreesce@nhs.uk,Polygender,146.225.140.177
448,Fey,Tapin,ftapincf@tripod.com,Female,84.22.10.112
449,Elvira,Petlyura,epetlyuracg@latimes.com,Female,109.58.154.45
450,Georgetta,Gotecliffe,ggotecliffech@mapy.cz,Female,204.138.172.174
451,Evvie,Brakewell,ebrakewellci@virginia.edu,Female,70.6.124.159
452,Fanny,Tittershill,ftittershillcj@yelp.com,Female,152.131.40.80
453,Boothe,Pottie,bpottieck@list-manage.com,Male,96.152.43.68
454,Shelba,Jannequin,sjannequincl@skyrock.com,Female,27.57.57.120
455,Keriann,Hillatt,khillattcm@example.com,Female,13.104.160.145
456,Tasia,Durward,tdurwardcn@cloudflare.com,Female,39.154.254.64
457,Glendon,Grigolli,ggrigollico@ebay.com,Male,73.103.208.84
458,Denni,Emloch,demlochcp@ibm.com,Female,217.208.81.23
459,Shaun,Andersch,sanderschcq@amazonaws.com,Male,11.147.179.57
460,Athene,De Metz,ademetzcr@yellowpages.com,Female,148.158.232.28
461,Jefferson,Rourke,jrourkecs@cnet.com,Male,151.46.172.54
462,Lena,Roelofsen,lroelofsenct@wikispaces.com,Female,92.96.75.203
463,Denis,Vasilmanov,dvasilmanovcu@feedburner.com,Male,173.155.194.1
464,Clair,Wogden,cwogdencv@umn.edu,Male,55.40.159.84
465,Fran,Tambling,ftamblingcw@biglobe.ne.jp,Male,207.89.147.82
466,Gerri,Parmer,gparmercx@sourceforge.net,Female,154.99.232.43
467,Benoite,Goretti,bgoretticy@theatlantic.com,Female,237.174.127.33
468,Melony,Bliben,mblibencz@hexun.com,Female,144.226.152.95
469,Bunny,Matz,bmatzd0@smh.com.au,Female,241.134.120.157
470,Rozelle,Oldaker,roldakerd1@tamu.edu,Female,142.110.229.24
471,Joeann,MacCourt,jmaccourtd2@prnewswire.com,Female,22.117.231.159
472,Rita,Spensley,rspensleyd3@europa.eu,Female,129.13.233.175
473,Aloise,Camock,acamockd4@ehow.com,Female,144.24.11.106
474,Coreen,Howlett,chowlettd5@arstechnica.com,Female,64.64.74.31
475,Doralynn,Comazzo,dcomazzod6@alexa.com,Female,89.202.114.127
476,Hasheem,Bentham,hbenthamd7@virginia.edu,Genderfluid,137.128.209.154
477,Eleanor,Train,etraind8@lycos.com,Female,211.8.68.106
478,Maggie,Mc Caghan,mmccaghand9@odnoklassniki.ru,Female,220.72.80.196
479,Clementius,Thorn,cthornda@cdbaby.com,Male,80.105.62.3
480,Noellyn,Preator,npreatordb@cafepress.com,Female,235.172.129.114
481,Katee,Epinay,kepinaydc@cafepress.com,Female,106.185.22.109
482,Lynna,Harbidge,lharbidgedd@aboutads.info,Female,86.10.187.232
483,Valentin,Maddinon,vmaddinonde@vimeo.com,Male,217.246.30.32
484,Haze,Duffill,hduffilldf@miitbeian.gov.cn,Male,195.70.0.27
485,Hazlett,Brickell,hbrickelldg@gnu.org,Male,73.35.67.78
486,Asher,Felderer,afeldererdh@examiner.com,Male,42.56.184.143
487,Tessa,Enriques,tenriquesdi@java.com,Female,181.1.182.19
488,Hester,Raper,hraperdj@about.com,Female,29.230.52.160
489,Jessee,Matusson,jmatussondk@cbslocal.com,Male,61.61.141.206
490,Coreen,Bartlosz,cbartloszdl@4shared.com,Female,201.31.245.76
491,Nicola,MacAlpin,nmacalpindm@twitter.com,Female,6.11.21.157
492,Gordan,Haydon,ghaydondn@nasa.gov,Male,49.167.40.140
493,Billie,Setterfield,bsetterfielddo@simplemachines.org,Male,41.71.118.197
494,Marrilee,Aviss,mavissdp@jalbum.net,Female,157.18.19.121
495,Cordi,Tollfree,ctollfreedq@dion.ne.jp,Female,65.124.201.118
496,Tori,Lanktree,tlanktreedr@ucsd.edu,Female,1.29.36.119
497,Aland,Guess,aguessds@washington.edu,Genderqueer,187.1.227.48
498,Jodie,Sharper,jsharperdt@weebly.com,Male,45.183.48.63
499,Britni,Blodgetts,bblodgettsdu@samsung.com,Female,51.173.117.12
500,Rikki,Whitworth,rwhitworthdv@altervista.org,Male,102.90.54.26
501,Tadeas,Pavlata,tpavlatadw@deviantart.com,Male,250.29.25.242
502,Faustina,Shyram,fshyramdx@mozilla.org,Female,140.83.126.42
503,Crissy,Lowater,clowaterdy@yahoo.com,Female,50.170.118.148
504,Bren,Nobles,bnoblesdz@taobao.com,Male,110.181.194.145
505,Margarethe,Ruffy,mruffye0@indiegogo.com,Genderfluid,212.59.137.115
506,Bryon,Wornham,bwornhame1@wunderground.com,Male,13.219.113.43
507,Kimmi,Clixby,kclixbye2@lycos.com,Female,70.9.69.2
508,Shara,Stockney,sstockneye3@sakura.ne.jp,Female,82.41.169.94
509,Ashlin,Billanie,abillaniee4@imdb.com,Male,215.68.151.48
510,Karole,Leggan,kleggane5@constantcontact.com,Non-binary,8.39.111.25
511,Janeta,Tennet,jtennete6@godaddy.com,Female,44.118.46.221
512,Eleanor,Anderson,eandersone7@wikia.com,Female,191.94.13.179
513,Jo ann,Stanman,jstanmane8@ovh.net,Female,243.146.179.52
514,Woodrow,Barabisch,wbarabische9@nytimes.com,Male,149.95.50.196
515,Abagail,Itzkowicz,aitzkowiczea@dell.com,Female,207.134.188.159
516,Allan,Doveston,adovestoneb@github.com,Male,231.155.91.201
517,Thom,Jindrich,tjindrichec@arizona.edu,Male,81.91.18.226
518,Andrey,Serrurier,aserruriered@elpais.com,Male,61.211.109.123
519,Sophie,Kretschmer,skretschmeree@ucoz.com,Female,241.212.245.49
520,Leopold,Turfrey,lturfreyef@networksolutions.com,Male,94.181.127.99
521,Temple,Garn,tgarneg@businessweek.com,Male,24.24.234.27
522,Emalee,Royste,eroysteeh@acquirethisname.com,Female,149.174.91.46
523,Gerardo,Bartleet,gbartleetei@csmonitor.com,Male,204.129.26.112
524,Freda,Bottlestone,fbottlestoneej@mit.edu,Female,231.5.182.145
525,Ramsey,Binney,rbinneyek@w3.org,Male,162.142.57.116
526,Rita,Godleman,rgodlemanel@washington.edu,Genderqueer,52.132.242.176
527,Shermy,Mordue,smordueem@alibaba.com,Male,30.134.192.2
528,Ettore,Botly,ebotlyen@creativecommons.org,Male,41.218.244.44
529,Felice,Brine,fbrineeo@aboutads.info,Female,8.196.180.162
530,Benoit,Bulman,bbulmanep@irs.gov,Male,38.243.188.207
531,Patrizius,Alleyn,palleyneq@webnode.com,Male,198.142.113.121
532,Barny,Lott,blotter@uiuc.edu,Male,172.186.226.215
533,Smith,Andrzej,sandrzejes@nytimes.com,Male,163.56.92.81
534,Kalinda,Rasor,krasoret@yellowbook.com,Female,192.33.102.63
535,Franky,Lucock,flucockeu@cmu.edu,Female,240.30.175.222
536,Antoine,Gricewood,agricewoodev@etsy.com,Male,124.74.18.157
537,Lizabeth,Reen,lreenew@photobucket.com,Bigender,245.192.103.134
538,Lilyan,Patriskson,lpatrisksonex@meetup.com,Female,164.125.88.62
539,Dorian,Straw,dstrawey@guardian.co.uk,Female,87.133.177.172
540,Cristal,Edwardson,cedwardsonez@is.gd,Female,252.160.84.11
541,Michail,Kibel,mkibelf0@telegraph.co.uk,Male,38.205.149.144
542,Tybi,Venables,tvenablesf1@pbs.org,Non-binary,210.140.155.178
543,Lindsay,Studdard,lstuddardf2@amazon.co.uk,Female,193.52.168.177
544,Zack,Critchlow,zcritchlowf3@forbes.com,Male,223.63.90.198
545,Marya,Schiefersten,mschieferstenf4@google.com.hk,Female,222.180.141.216
546,Gawain,Ivins,givinsf5@bbb.org,Male,130.212.163.27
547,Enrica,Caulfield,ecaulfieldf6@tmall.com,Female,254.54.207.182
548,Darryl,Wegner,dwegnerf7@addthis.com,Male,131.38.32.246
549,Pebrook,Giacopazzi,pgiacopazzif8@godaddy.com,Male,243.222.28.133
550,Hillyer,Crookston,hcrookstonf9@privacy.gov.au,Male,172.111.130.134
551,Kai,Taudevin,ktaudevinfa@japanpost.jp,Female,47.247.153.65
552,Alexis,Stanlack,astanlackfb@twitpic.com,Agender,106.43.32.95
553,Baudoin,Pearton,bpeartonfc@trellian.com,Male,25.53.44.192
554,Link,Henrique,lhenriquefd@businessinsider.com,Male,113.108.51.49
555,Bertrand,Archbell,barchbellfe@cbc.ca,Polygender,155.176.115.218
556,Cornela,Villaret,cvillaretff@prlog.org,Female,81.112.173.66
557,Colan,Dowse,cdowsefg@vimeo.com,Male,146.95.254.88
558,Emmalynn,Hailston,ehailstonfh@addtoany.com,Female,77.10.66.214
559,Goraud,Stove,gstovefi@networksolutions.com,Male,20.151.39.189
560,Ambrosius,Chishull,achishullfj@deviantart.com,Male,109.233.63.131
561,Kizzie,Kerfut,kkerfutfk@nba.com,Bigender,147.18.213.172
562,Amelina,Virgoe,avirgoefl@arstechnica.com,Female,136.117.95.61
563,Robinet,Merriman,rmerrimanfm@microsoft.com,Genderfluid,124.106.95.117
564,Saudra,Babb,sbabbfn@dyndns.org,Female,72.85.20.82
565,Becki,Quarrington,bquarringtonfo@cam.ac.uk,Female,246.177.121.224
566,Philomena,Chrismas,pchrismasfp@umn.edu,Female,161.66.137.139
567,Conny,Foldes,cfoldesfq@usgs.gov,Male,237.236.41.10
568,Tammy,Robertsson,trobertssonfr@bigcartel.com,Non-binary,216.167.87.8
569,Allys,O'Doghesty,aodoghestyfs@businessinsider.com,Female,173.145.14.60
570,Dorie,Middup,dmiddupft@studiopress.com,Male,124.104.150.176
571,Euphemia,Simononsky,esimononskyfu@bbc.co.uk,Female,162.147.209.52
572,Padriac,Southerell,psoutherellfv@twitpic.com,Male,135.235.64.105
573,Mag,Lownie,mlowniefw@bigcartel.com,Female,147.94.121.97
574,Melva,Lebrun,mlebrunfx@constantcontact.com,Bigender,194.102.147.148
575,Northrup,Hoggetts,nhoggettsfy@yolasite.com,Male,90.75.204.198
576,Darell,Minchinton,dminchintonfz@wordpress.com,Female,100.146.19.109
577,Millisent,Kinsley,mkinsleyg0@plala.or.jp,Female,51.246.219.190
578,Klarika,Gillham,kgillhamg1@geocities.com,Female,182.5.91.103
579,Hedvig,Morrant,hmorrantg2@cbsnews.com,Female,156.221.107.117
580,Britt,Keir,bkeirg3@so-net.ne.jp,Female,238.38.249.208
581,Catie,D'Ambrogio,cdambrogiog4@oakley.com,Agender,128.227.90.50
582,Tessi,Eshelby,teshelbyg5@friendfeed.com,Polygender,17.183.50.128
583,Tibold,Instock,tinstockg6@msn.com,Male,87.233.27.152
584,Charlie,Joust,cjoustg7@walmart.com,Male,59.62.2.152
585,Gabriella,Hastie,ghastieg8@bizjournals.com,Female,220.211.10.1
586,Clementia,Beers,cbeersg9@epa.gov,Female,101.207.64.6
587,Karrie,Russen,krussenga@usa.gov,Female,201.25.70.140
588,Lyle,Busch,lbuschgb@tuttocitta.it,Male,6.189.119.177
589,Austen,Barette,abarettegc@1688.com,Male,57.156.103.43
590,Alisa,Miguet,amiguetgd@npr.org,Female,12.31.252.27
591,Kassey,Thorne,kthornege@whitehouse.gov,Female,53.182.117.226
592,Spencer,Bande,sbandegf@arizona.edu,Male,240.105.161.83
593,Larina,Cowgill,lcowgillgg@cargocollective.com,Female,155.235.154.0
594,Ania,Alldis,aalldisgh@home.pl,Female,40.241.102.50
595,Shayne,Tynewell,stynewellgi@123-reg.co.uk,Male,182.10.27.187
596,Abelard,Labet,alabetgj@arizona.edu,Non-binary,73.91.77.224
597,Clyve,Blofeld,cblofeldgk@so-net.ne.jp,Male,198.27.160.124
598,Ebenezer,Featherstonehaugh,efeatherstonehaughgl@cam.ac.uk,Male,185.12.140.14
599,Albie,Winny,awinnygm@about.com,Male,212.42.76.89
600,Rubia,Sprigging,rsprigginggn@trellian.com,Female,185.60.2.230
601,Harald,Hackin,hhackingo@npr.org,Male,139.136.168.86
602,Blane,Fost,bfostgp@cdc.gov,Genderfluid,176.77.159.131
603,Ramona,Maggill'Andreis,rmaggillandreisgq@wikispaces.com,Female,255.209.141.224
604,Cathryn,Triner,ctrinergr@mlb.com,Female,17.168.243.216
605,Calv,Peatt,cpeattgs@zimbio.com,Male,91.210.157.112
606,Travers,D'Costa,tdcostagt@reuters.com,Male,213.105.49.103
607,Rosco,Gronw,rgronwgu@plala.or.jp,Male,58.79.89.129
608,Hunter,Smye,hsmyegv@technorati.com,Male,185.226.157.176
609,Brad,Over,bovergw@goodreads.com,Male,219.226.12.138
610,Wiley,Plumridege,wplumridegegx@java.com,Male,86.220.28.80
611,Emalia,McLuckie,emcluckiegy@squarespace.com,Female,46.205.232.89
612,Nikaniki,Landsman,nlandsmangz@harvard.edu,Female,102.165.218.188
613,Norina,Dundridge,ndundridgeh0@bbb.org,Female,189.116.223.224
614,Henryetta,Groll,hgrollh1@paypal.com,Female,184.108.152.176
615,Kerianne,Ciccerale,kcicceraleh2@bluehost.com,Female,124.139.186.95
616,Nathaniel,Tine,ntineh3@wordpress.com,Male,89.58.82.174
617,Bessie,Spurritt,bspurritth4@gov.uk,Female,224.91.61.181
618,Joeann,Pringell,jpringellh5@boston.com,Female,49.221.24.51
619,Kaspar,Geerdts,kgeerdtsh6@biglobe.ne.jp,Male,121.70.80.204
620,Leroi,Athowe,lathoweh7@feedburner.com,Genderqueer,178.85.106.235
621,Hatty,Rupert,hruperth8@addtoany.com,Female,59.46.58.147
622,Lamond,Desborough,ldesboroughh9@toplist.cz,Male,91.11.14.143
623,Andres,Rawlison,arawlisonha@cargocollective.com,Male,224.183.97.178
624,Kerrill,Spelling,kspellinghb@un.org,Agender,253.29.159.161
625,Merrill,Axup,maxuphc@ifeng.com,Male,45.218.107.46
626,Fernandina,Paladino,fpaladinohd@jimdo.com,Female,146.65.9.161
627,Wakefield,Aldred,waldredhe@answers.com,Male,190.104.196.50
628,Earl,Lawlor,elawlorhf@yale.edu,Agender,100.10.172.232
629,Talyah,Immings,timmingshg@xrea.com,Female,199.191.60.145
630,Waverley,Gilfoy,wgilfoyhh@utexas.edu,Male,155.69.87.200
631,Babara,Benedyktowicz,bbenedyktowiczhi@howstuffworks.com,Female,118.221.187.195
632,Rivi,Toffalo,rtoffalohj@technorati.com,Female,24.6.46.202
633,Karl,Greenshields,kgreenshieldshk@webmd.com,Male,112.65.241.16
634,Herbie,Carolan,hcarolanhl@opensource.org,Male,221.100.166.222
635,Lara,Verling,lverlinghm@nytimes.com,Female,114.236.101.173
636,Terrye,Gennerich,tgennerichhn@artisteer.com,Female,251.223.203.56
637,Wait,Barchrameev,wbarchrameevho@opera.com,Male,225.9.83.134
638,Rafael,Scollick,rscollickhp@npr.org,Male,40.142.190.180
639,Danell,Digg,ddigghq@wikispaces.com,Female,232.226.115.85
640,Natka,Vigours,nvigourshr@springer.com,Female,228.21.74.162
641,Lizzie,Inge,lingehs@vimeo.com,Female,205.218.209.183
642,Neala,Hitzschke,nhitzschkeht@bloglovin.com,Female,212.155.90.100
643,Leroi,Cantrill,lcantrillhu@buzzfeed.com,Genderqueer,3.178.7.195
644,Abram,Vanyushkin,avanyushkinhv@posterous.com,Male,115.104.173.4
645,Joel,Milland,jmillandhw@bbc.co.uk,Male,40.64.195.185
646,Dorey,Yurikov,dyurikovhx@behance.net,Male,40.245.154.10
647,Rhianon,Ryles,rryleshy@bbb.org,Female,70.66.179.141
648,Mal,Pitrelli,mpitrellihz@answers.com,Male,56.11.138.201
649,Haze,Okey,hokeyi0@parallels.com,Male,42.158.213.215
650,Garrot,Haydney,ghaydneyi1@msu.edu,Male,15.122.62.247
651,Carny,Goodey,cgoodeyi2@dyndns.org,Male,148.70.182.135
652,Christina,Rennick,crennicki3@mit.edu,Female,49.86.12.199
653,Tony,Fearnyough,tfearnyoughi4@aol.com,Female,93.132.236.221
654,Quintin,Gethins,qgethinsi5@delicious.com,Male,43.129.133.233
655,Rosalinde,Dobkin,rdobkini6@accuweather.com,Genderqueer,93.53.92.168
656,Marijn,Toppes,mtoppesi7@wisc.edu,Male,124.94.226.122
657,Frederica,Perton,fpertoni8@moonfruit.com,Female,118.247.130.2
658,Kirsteni,Esome,kesomei9@sphinn.com,Female,230.139.192.69
659,Franky,Wilson,fwilsonia@mapy.cz,Male,57.122.105.62
660,Madelle,Alexandrescu,malexandrescuib@tinypic.com,Female,26.204.4.144
661,Huntley,Jindra,hjindraic@who.int,Male,173.39.131.246
662,Lacy,Ashfold,lashfoldid@mtv.com,Female,139.24.147.10
663,Leone,Fall,lfallie@unicef.org,Female,123.15.250.192
664,Haley,Raleston,hralestonif@taobao.com,Male,234.47.7.150
665,Barbara-anne,Spillett,bspillettig@ow.ly,Female,158.122.142.73
666,Marielle,Marquess,mmarquessih@t.co,Female,66.158.56.108
667,Zacharia,Lawn,zlawnii@lycos.com,Male,48.200.125.215
668,Roth,Thome,rthomeij@elegantthemes.com,Male,110.92.152.112
669,Ronnie,Gaddas,rgaddasik@bravesites.com,Male,172.21.45.229
670,Clemmy,Stafford,cstaffordil@wunderground.com,Female,145.164.229.13
671,Chevy,Nehls,cnehlsim@etsy.com,Male,236.92.12.100
672,Gretchen,Brownsworth,gbrownsworthin@yale.edu,Female,206.21.9.229
673,Joya,Asprey,jaspreyio@upenn.edu,Female,143.94.47.156
674,Vito,Dericot,vdericotip@facebook.com,Male,9.93.223.241
675,Pavlov,Klimsch,pklimschiq@whitehouse.gov,Male,254.207.214.90
676,Wylie,M'Chirrie,wmchirrieir@scribd.com,Male,141.58.218.251
677,Kennedy,Thal,kthalis@ameblo.jp,Male,79.33.43.254
678,Beatrix,Boyen,bboyenit@posterous.com,Female,165.56.199.34
679,Bel,Hamel,bhameliu@examiner.com,Female,226.39.134.135
680,Doris,Okenden,dokendeniv@latimes.com,Female,186.255.19.17
681,Paulita,Burnsides,pburnsidesiw@sitemeter.com,Female,249.62.44.76
682,Griffith,Plitz,gplitzix@csmonitor.com,Male,182.3.183.92
683,Nannette,Houldcroft,nhouldcroftiy@cmu.edu,Female,44.74.74.36
684,Sile,Wield,swieldiz@weather.com,Female,208.8.255.199
685,Mal,Ailsbury,mailsburyj0@virginia.edu,Polygender,176.6.36.252
686,Anderea,Kezar,akezarj1@posterous.com,Female,119.49.177.71
687,Yvonne,Shatliff,yshatliffj2@tiny.cc,Female,19.0.189.119
688,Tonnie,Crozier,tcrozierj3@ifeng.com,Male,62.22.163.67
689,Miner,Filyakov,mfilyakovj4@yahoo.com,Male,81.195.219.201
690,Hasheem,Iglesia,higlesiaj5@odnoklassniki.ru,Male,30.160.63.203
691,Klara,Chudleigh,kchudleighj6@github.io,Female,101.190.20.66
692,Gratiana,Adams,gadamsj7@cbc.ca,Female,246.36.24.22
693,Estel,Samweyes,esamweyesj8@sphinn.com,Female,199.11.240.249
694,Cirstoforo,Brandes,cbrandesj9@nih.gov,Male,180.184.240.231
695,Araldo,Stronach,astronachja@amazonaws.com,Male,34.128.110.128
696,Joshia,MacCaig,jmaccaigjb@de.vu,Male,72.109.65.70
697,Thaine,Tulk,ttulkjc@jigsy.com,Male,88.175.70.95
698,Fraser,Pinckstone,fpinckstonejd@google.co.uk,Male,185.209.71.153
699,Edsel,Dahmel,edahmelje@free.fr,Male,252.112.179.8
700,Zoe,Vasovic,zvasovicjf@jugem.jp,Female,230.57.82.102
701,Mohammed,Fahrenbacher,mfahrenbacherjg@time.com,Male,7.64.20.173
702,Alexi,Smalcombe,asmalcombejh@stumbleupon.com,Female,147.73.7.42
703,Ted,Chetwin,tchetwinji@miitbeian.gov.cn,Male,221.67.253.175
704,Arly,Vigus,avigusjj@hexun.com,Female,110.90.2.201
705,Nathaniel,Fihelly,nfihellyjk@globo.com,Male,156.238.18.89
706,Phip,Blackledge,pblackledgejl@vistaprint.com,Male,103.162.77.19
707,Niccolo,Kryzhov,nkryzhovjm@gnu.org,Male,198.246.44.64
708,Violetta,Ilyushkin,vilyushkinjn@devhub.com,Female,152.2.136.201
709,Emeline,Jursch,ejurschjo@goodreads.com,Female,1.5.113.252
710,Gabriella,Fairest,gfairestjp@about.me,Female,55.124.186.48
711,Herrick,Yushachkov,hyushachkovjq@feedburner.com,Male,214.96.208.203
712,Guglielma,Couroy,gcouroyjr@squidoo.com,Female,251.39.71.175
713,Estel,Bellringer,ebellringerjs@washington.edu,Female,89.68.173.26
714,Meridith,Birley,mbirleyjt@princeton.edu,Female,139.103.200.111
715,Stella,Nappin,snappinju@cisco.com,Genderqueer,247.235.251.123
716,Rodolph,Janku,rjankujv@reverbnation.com,Male,100.178.243.84
717,Janenna,Hanshaw,jhanshawjw@desdev.cn,Female,185.150.39.18
718,Delinda,Gatsby,dgatsbyjx@google.com.au,Female,222.5.3.60
719,Marlow,Hinsche,mhinschejy@chron.com,Male,81.236.164.85
720,Tucky,Grushin,tgrushinjz@miibeian.gov.cn,Male,78.44.34.113
721,Caesar,Pettett,cpettettk0@bbb.org,Male,67.53.161.190
722,Jolene,Lettuce,jlettucek1@free.fr,Female,91.155.97.254
723,Shayna,Allsworth,sallsworthk2@prweb.com,Female,186.205.211.141
724,Vivia,Skingle,vskinglek3@dell.com,Bigender,143.38.65.14
725,Clarice,Hamerton,chamertonk4@newsvine.com,Female,25.85.5.174
726,Ardith,Arch,aarchk5@nifty.com,Female,213.11.51.230
727,Wallis,Truelock,wtruelockk6@ovh.net,Bigender,98.8.24.228
728,Ashla,Blanckley,ablanckleyk7@purevolume.com,Female,230.236.229.145
729,Taffy,Cudbertson,tcudbertsonk8@comcast.net,Female,194.29.52.172
730,Amii,Ferrario,aferrariok9@dagondesign.com,Female,249.172.93.146
731,Douglas,Tomlin,dtomlinka@weather.com,Male,208.86.45.224
732,Lilas,Bastin,lbastinkb@google.it,Female,230.63.159.0
733,Carita,Butchers,cbutcherskc@buzzfeed.com,Female,119.105.105.230
734,Kerwin,Morphew,kmorphewkd@wikipedia.org,Male,25.0.89.116
735,Shay,Dainter,sdainterke@samsung.com,Male,139.204.143.78
736,Vernen,Yewdall,vyewdallkf@squarespace.com,Polygender,214.62.223.9
737,Blanca,Sperrett,bsperrettkg@yahoo.com,Female,243.45.237.233
738,Heddi,Fransman,hfransmankh@google.ca,Female,173.145.168.66
739,Giana,Deehan,gdeehanki@fema.gov,Female,145.19.83.67
740,Daisi,McKeighen,dmckeighenkj@bloglovin.com,Female,201.78.161.115
741,Guthrie,Goggin,ggogginkk@so-net.ne.jp,Male,152.220.81.143
742,Worth,Duffield,wduffieldkl@scribd.com,Male,249.58.77.58
743,Ariel,Tullot,atullotkm@mlb.com,Female,103.82.115.219
744,Sigismondo,Bowich,sbowichkn@epa.gov,Male,168.150.28.28
745,Christalle,Luff,cluffko@ovh.net,Female,31.174.1.187
746,Ignacius,Barczewski,ibarczewskikp@addtoany.com,Male,254.93.88.227
747,Joeann,Worsnip,jworsnipkq@cnbc.com,Female,80.171.234.32
748,Xymenes,Weir,xweirkr@artisteer.com,Male,148.71.192.73
749,Guillermo,Jannings,gjanningsks@hatena.ne.jp,Male,20.63.81.135
750,Rayna,Eustace,reustacekt@engadget.com,Female,181.86.70.155
751,Teodoro,MacAlpin,tmacalpinku@cargocollective.com,Male,144.220.42.76
752,Dyane,Dowbiggin,ddowbigginkv@mapquest.com,Female,84.214.44.1
753,Cece,Albers,calberskw@bravesites.com,Male,82.119.244.216
754,Irwin,Ivashov,iivashovkx@omniture.com,Male,108.78.162.244
755,Marissa,Elms,melmsky@bigcartel.com,Genderqueer,190.249.68.178
756,Carlo,Wilkowski,cwilkowskikz@gravatar.com,Male,91.82.152.142
757,Florie,Btham,fbthaml0@whitehouse.gov,Female,95.213.59.44
758,Alvina,Pibsworth,apibsworthl1@zimbio.com,Female,111.183.33.121
759,Janetta,Temple,jtemplel2@ezinearticles.com,Female,153.172.79.143
760,Brnaba,Hourihane,bhourihanel3@alibaba.com,Bigender,138.6.64.214
761,Rivy,Guest,rguestl4@weebly.com,Female,184.182.109.88
762,Kiele,Abramamovh,kabramamovhl5@scribd.com,Female,82.220.188.255
763,Leonardo,Niave,lniavel6@state.gov,Male,84.150.223.151
764,Merline,Livett,mlivettl7@unesco.org,Female,65.113.49.239
765,Clarence,Yuryshev,cyuryshevl8@opera.com,Male,63.51.157.82
766,Cyrille,Das,cdasl9@pen.io,Male,102.71.1.141
767,Timothee,Trusse,ttrussela@nba.com,Genderqueer,198.91.67.46
768,Heloise,Burdon,hburdonlb@hexun.com,Female,8.188.233.219
769,Claus,Berzin,cberzinlc@delicious.com,Genderqueer,67.47.163.211
770,Rene,Partridge,rpartridgeld@npr.org,Male,121.164.244.9
771,Sylas,McGeaney,smcgeaneyle@howstuffworks.com,Agender,86.163.234.125
772,Marjy,Brocklehurst,mbrocklehurstlf@google.nl,Female,57.126.117.23
773,Sadella,Banting,sbantinglg@google.it,Female,1.70.220.17
774,Wendell,Lujan,wlujanlh@npr.org,Polygender,80.212.167.173
775,Chilton,Klugel,cklugelli@prlog.org,Bigender,192.182.95.72
776,Diann,Coogan,dcooganlj@seattletimes.com,Female,31.213.125.130
777,Lemuel,Timblett,ltimblettlk@umn.edu,Male,31.181.184.240
778,Rudd,Ilchenko,rilchenkoll@ebay.com,Male,119.158.148.98
779,Thaddeus,Dofty,tdoftylm@google.nl,Male,46.236.254.252
780,Aloise,Weins,aweinsln@hostgator.com,Female,98.153.94.232
781,Jourdan,Tapner,jtapnerlo@dion.ne.jp,Female,137.254.226.91
782,Jocko,Czajka,jczajkalp@blinklist.com,Male,236.125.58.247
783,Siobhan,Rain,srainlq@epa.gov,Female,52.37.64.251
784,Olin,Fisk,ofisklr@typepad.com,Male,207.13.132.202
785,Lexi,Ellcome,lellcomels@buzzfeed.com,Female,191.6.189.240
786,Gerti,Bresnahan,gbresnahanlt@aboutads.info,Female,18.167.230.97
787,Netti,Nugent,nnugentlu@etsy.com,Female,64.0.41.58
788,Jobie,Tattersdill,jtattersdilllv@biblegateway.com,Female,252.66.94.152
789,Barry,Newdick,bnewdicklw@github.com,Female,166.234.214.33
790,Arv,Sprigg,asprigglx@miibeian.gov.cn,Male,74.239.16.76
791,Lorelle,Duckers,lduckersly@dmoz.org,Female,159.221.165.244
792,Maxy,Gyorgy,mgyorgylz@behance.net,Male,62.129.146.54
793,Cobb,Maybery,cmayberym0@deviantart.com,Male,191.47.98.109
794,Chandra,Retchford,cretchfordm1@yellowpages.com,Female,29.2.142.145
795,Claudie,Kerridge,ckerridgem2@google.de,Female,136.93.169.214
796,Taffy,MacMurray,tmacmurraym3@sun.com,Female,207.178.184.114
797,Anne-marie,Marshal,amarshalm4@e-recht24.de,Female,90.42.47.198
798,Blinni,Bony,bbonym5@example.com,Female,146.108.153.169
799,Brena,Muncie,bmunciem6@1und1.de,Female,149.66.45.242
800,Kerrill,Maffy,kmaffym7@github.com,Female,44.11.14.242
801,Doyle,Elcum,delcumm8@so-net.ne.jp,Male,113.154.209.95
802,Michael,Hackney,mhackneym9@purevolume.com,Male,250.152.143.169
803,Merv,Ruzic,mruzicma@istockphoto.com,Male,94.67.163.226
804,Jerrie,Howlings,jhowlingsmb@mapy.cz,Female,117.40.183.67
805,Devinne,Bengochea,dbengocheamc@dailymotion.com,Female,231.143.173.174
806,Ardyce,Sweet,asweetmd@people.com.cn,Bigender,235.50.127.53
807,Avery,Napleton,anapletonme@constantcontact.com,Male,139.22.136.146
808,Guntar,Cavill,gcavillmf@eepurl.com,Male,120.27.84.45
809,Peter,Drance,pdrancemg@sciencedaily.com,Male,157.175.48.15
810,Christiane,Hatchett,chatchettmh@economist.com,Female,255.84.186.103
811,Wade,Lindell,wlindellmi@t.co,Male,189.202.219.215
812,Addy,Bramer,abramermj@parallels.com,Female,126.244.252.204
813,Lewes,Emmet,lemmetmk@google.nl,Male,93.6.81.177
814,Eadith,MacCrosson,emaccrossonml@mapy.cz,Female,46.193.63.104
815,Wakefield,Haliburn,whaliburnmm@state.tx.us,Male,239.42.195.34
816,Dalton,Gircke,dgirckemn@ox.ac.uk,Male,252.124.48.154
817,Matias,Rankling,mranklingmo@nytimes.com,Male,131.208.248.85
818,Jacky,Lanston,jlanstonmp@redcross.org,Female,172.188.173.169
819,Koralle,Pedwell,kpedwellmq@pbs.org,Female,100.239.245.87
820,Jethro,Domoney,jdomoneymr@cnn.com,Male,180.2.246.95
821,Maybelle,Rennles,mrennlesms@youtu.be,Female,187.179.211.82
822,Emmalee,Clemmey,eclemmeymt@si.edu,Female,74.162.73.109
823,Addy,Robertazzi,arobertazzimu@ifeng.com,Male,169.164.109.223
824,Laverna,Cranstone,lcranstonemv@salon.com,Female,121.65.172.38
825,Cymbre,Biddwell,cbiddwellmw@ow.ly,Female,195.133.208.225
826,Lishe,Lyall,llyallmx@google.nl,Female,223.240.141.22
827,Sarita,Horley,shorleymy@engadget.com,Female,55.110.37.2
828,Samantha,Kasbye,skasbyemz@go.com,Non-binary,120.242.19.73
829,Merna,Wagenen,mwagenenn0@seesaa.net,Female,121.101.238.241
830,Orelie,Mouland,omoulandn1@youtube.com,Female,203.71.1.141
831,Stanislaw,Curuclis,scuruclisn2@businessinsider.com,Non-binary,192.94.197.60
832,Trueman,Fewtrell,tfewtrelln3@ovh.net,Male,199.226.228.38
833,Nahum,Takos,ntakosn4@example.com,Male,194.123.60.118
834,Bambie,Killeen,bkilleenn5@mit.edu,Female,115.103.95.55
835,Loralee,Huntingford,lhuntingfordn6@digg.com,Female,249.175.69.104
836,Lanni,Case,lcasen7@alexa.com,Female,19.170.226.84
837,Rebeka,Mephan,rmephann8@gnu.org,Female,227.211.30.19
838,Berkie,Dumbarton,bdumbartonn9@163.com,Male,55.128.241.113
839,Neysa,Golder,ngolderna@about.com,Female,109.96.56.26
840,Rhodie,Kopfen,rkopfennb@pinterest.com,Female,46.197.45.156
841,Lenka,Hackwell,lhackwellnc@eepurl.com,Female,204.249.11.133
842,Helen,Kleinplatz,hkleinplatznd@last.fm,Female,10.250.154.147
843,Teodor,Gresty,tgrestyne@techcrunch.com,Male,246.13.146.71
844,Henryetta,Ipgrave,hipgravenf@sphinn.com,Female,53.27.44.216
845,Farrell,Wilderspoon,fwilderspoonng@booking.com,Male,186.6.95.251
846,Gilli,Eblein,gebleinnh@mozilla.org,Female,45.175.178.63
847,Omero,Hasley,ohasleyni@samsung.com,Agender,239.124.208.182
848,Prudy,Brameld,pbrameldnj@spiegel.de,Female,35.53.142.251
849,Brittani,Costall,bcostallnk@archive.org,Female,137.196.30.25
850,Sissie,Biddwell,sbiddwellnl@joomla.org,Female,192.85.44.231
851,Ivette,Haill,ihaillnm@1688.com,Female,128.209.194.237
852,Kris,Kenen,kkenennn@ameblo.jp,Female,33.198.50.68
853,Paten,McEniry,pmceniryno@nifty.com,Male,74.131.248.149
854,Rem,Copyn,rcopynnp@a8.net,Male,133.143.174.154
855,Nerte,Josefs,njosefsnq@so-net.ne.jp,Female,198.231.45.190
856,Annie,Gamlyn,agamlynnr@mapy.cz,Female,128.125.76.229
857,Tabb,Brennans,tbrennansns@sogou.com,Male,154.74.190.30
858,Eamon,Eloy,eeloynt@latimes.com,Male,30.195.26.195
859,Jarid,Wellstead,jwellsteadnu@google.com.hk,Male,207.10.8.227
860,Fannie,Busain,fbusainnv@sitemeter.com,Female,37.186.173.203
861,Felix,Gilliard,fgilliardnw@netvibes.com,Male,73.139.12.162
862,Aundrea,Carme,acarmenx@creativecommons.org,Female,1.135.220.17
863,Blair,Dykes,bdykesny@facebook.com,Genderqueer,140.68.188.163
864,Jake,Klimowicz,jklimowicznz@jimdo.com,Male,119.180.251.80
865,Ryan,Imm,rimmo0@yahoo.com,Male,201.249.155.97
866,Dewey,Cowlas,dcowlaso1@ning.com,Male,170.94.84.204
867,Lorena,Duckworth,lduckwortho2@scribd.com,Female,241.174.74.168
868,Isiahi,Younger,iyoungero3@vistaprint.com,Genderqueer,12.181.159.237
869,Sheela,Hadlow,shadlowo4@imdb.com,Female,59.178.67.126
870,Loutitia,Mitro,lmitroo5@imdb.com,Female,250.196.85.39
871,Jesselyn,Zelner,jzelnero6@blogtalkradio.com,Female,3.107.68.247
872,Morlee,Mottram,mmottramo7@uol.com.br,Male,85.149.156.247
873,Sigmund,Dary,sdaryo8@scribd.com,Male,243.91.59.89
874,Henriette,Tuther,htuthero9@narod.ru,Female,142.210.63.185
875,Adriena,Leech,aleechoa@state.gov,Female,196.6.253.248
876,Ruthann,Hendrik,rhendrikob@nymag.com,Female,190.34.140.36
877,Gil,Beamand,gbeamandoc@google.de,Male,235.29.84.49
878,Sadella,Basillon,sbasillonod@cbslocal.com,Bigender,133.167.72.30
879,Ortensia,Chaffen,ochaffenoe@1688.com,Female,199.236.110.72
880,Geralda,Guare,gguareof@blogspot.com,Female,12.70.126.133
881,Gustave,Hryniewicki,ghryniewickiog@phoca.cz,Male,44.126.242.62
882,Camile,Raubenheimers,craubenheimersoh@w3.org,Female,104.176.250.7
883,Austen,Swinford,aswinfordoi@google.co.uk,Male,153.192.164.4
884,Rubi,Diben,rdibenoj@craigslist.org,Female,35.58.115.181
885,Janka,Pringuer,jpringuerok@sohu.com,Female,232.104.126.47
886,Hernando,Lamey,hlameyol@wordpress.org,Male,45.204.243.194
887,Trev,Kline,tklineom@people.com.cn,Male,153.131.73.59
888,Aurea,Filipczak,afilipczakon@cam.ac.uk,Female,191.192.19.9
889,Amitie,Beeke,abeekeoo@tiny.cc,Female,243.242.124.213
890,Shaylyn,Pifford,spiffordop@histats.com,Female,179.135.116.246
891,Jim,De Freyne,jdefreyneoq@oaic.gov.au,Male,250.253.106.99
892,Ariela,Garrad,agarrador@europa.eu,Female,218.154.246.170
893,Giraud,Balk,gbalkos@angelfire.com,Male,7.151.117.15
894,Isidor,Coveney,icoveneyot@huffingtonpost.com,Male,246.70.96.247
895,Trevor,Ethersey,tetherseyou@homestead.com,Male,208.208.98.220
896,Darya,Maris,dmarisov@sogou.com,Female,100.22.250.241
897,Chalmers,Caldecourt,ccaldecourtow@squarespace.com,Male,139.253.209.216
898,Twyla,Dikelin,tdikelinox@statcounter.com,Female,228.94.2.150
899,Sher,Bulstrode,sbulstrodeoy@weebly.com,Female,61.12.26.243
900,Jakob,Sclater,jsclateroz@admin.ch,Male,233.12.163.62
901,Janela,Dobbie,jdobbiep0@globo.com,Bigender,35.165.40.104
902,Hermon,Kemell,hkemellp1@dion.ne.jp,Male,172.230.170.14
903,Bobbie,Alesio,balesiop2@tiny.cc,Male,139.217.76.179
904,Kipp,Guerro,kguerrop3@edublogs.org,Male,92.148.193.48
905,Rhona,Egentan,regentanp4@archive.org,Female,223.175.222.20
906,Garrick,Elsip,gelsipp5@issuu.com,Polygender,180.105.154.74
907,Abbe,Rentcome,arentcomep6@house.gov,Female,81.66.94.79
908,Yank,Nannini,ynanninip7@sciencedaily.com,Male,106.210.73.128
909,Dyan,Bathowe,dbathowep8@behance.net,Non-binary,93.182.44.198
910,Niko,Burrell,nburrellp9@google.ru,Male,95.126.220.166
911,Helli,Hanratty,hhanrattypa@odnoklassniki.ru,Female,216.163.79.109
912,Farah,Buse,fbusepb@bloomberg.com,Female,122.201.242.129
913,Fayth,Maghull,fmaghullpc@geocities.com,Female,253.195.238.21
914,Massimiliano,Naulls,mnaullspd@de.vu,Genderfluid,82.130.130.83
915,Marve,Stroton,mstrotonpe@utexas.edu,Male,245.215.66.156
916,Toby,Sturdy,tsturdypf@blogspot.com,Male,223.222.207.125
917,Cleveland,Tuminini,ctumininipg@zdnet.com,Male,97.238.7.240
918,Jen,Pleasants,jpleasantsph@smugmug.com,Female,218.29.56.22
919,Josias,Janu,jjanupi@pbs.org,Male,112.88.145.197
920,Rory,Durak,rdurakpj@ycombinator.com,Male,166.9.105.220
921,Deloris,Mewhirter,dmewhirterpk@ftc.gov,Female,98.132.218.160
922,Celinka,Yurchenko,cyurchenkopl@wired.com,Female,206.5.139.122
923,Thatch,Insley,tinsleypm@weibo.com,Male,142.17.224.17
924,De witt,Juschka,djuschkapn@fc2.com,Polygender,13.129.30.59
925,Trudy,Belchem,tbelchempo@taobao.com,Female,242.243.109.184
926,Charla,Boyle,cboylepp@amazonaws.com,Female,176.170.118.4
927,Bondy,Shakle,bshaklepq@ebay.com,Male,185.219.101.242
928,Lucian,Duguid,lduguidpr@homestead.com,Male,82.52.151.228
929,Torrey,Hunnaball,thunnaballps@upenn.edu,Male,252.188.169.115
930,Gratiana,Clappson,gclappsonpt@blogger.com,Female,114.173.64.51
931,Aveline,Glendining,aglendiningpu@is.gd,Female,115.34.0.234
932,Iris,Fullard,ifullardpv@state.gov,Female,187.207.205.123
933,Baldwin,Vlahos,bvlahospw@marketwatch.com,Male,1.26.51.162
934,Nerita,Mouat,nmouatpx@fema.gov,Female,134.97.223.208
935,Carrissa,Atherton,cathertonpy@blogger.com,Female,241.248.235.89
936,Edwin,Haddleston,ehaddlestonpz@desdev.cn,Male,79.77.28.240
937,Hephzibah,Jaynes,hjaynesq0@hubpages.com,Female,222.41.5.39
938,Ranna,Clay,rclayq1@deviantart.com,Female,84.206.127.236
939,Kipp,Kettel,kkettelq2@accuweather.com,Female,143.3.243.93
940,Lizbeth,Muckart,lmuckartq3@tuttocitta.it,Female,84.229.56.72
941,Tracie,Cudbird,tcudbirdq4@devhub.com,Female,57.72.47.233
942,Gabriela,Sandcraft,gsandcraftq5@pagesperso-orange.fr,Female,255.59.118.250
943,Stanleigh,Donohue,sdonohueq6@angelfire.com,Male,58.50.101.173
944,Rossie,Baudassi,rbaudassiq7@networksolutions.com,Male,61.95.215.28
945,Dillon,Pamment,dpammentq8@washington.edu,Male,231.33.41.66
946,Meredeth,Gabbitas,mgabbitasq9@livejournal.com,Male,99.223.15.173
947,Tracee,Pietzke,tpietzkeqa@naver.com,Female,25.6.189.188
948,Aggi,Bofield,abofieldqb@vistaprint.com,Female,42.251.25.111
949,Flory,Skedgell,fskedgellqc@ask.com,Male,166.122.78.207
950,Giffer,Gashion,ggashionqd@fastcompany.com,Male,4.81.241.227
951,Raven,Mation,rmationqe@answers.com,Female,45.254.34.15
952,Bran,Alger,balgerqf@delicious.com,Male,197.55.109.235
953,Brock,Reinisch,breinischqg@xinhuanet.com,Male,208.170.186.62
954,Keriann,Chesnut,kchesnutqh@census.gov,Female,7.54.180.135
955,Alis,Davidovsky,adavidovskyqi@nationalgeographic.com,Female,60.178.59.249
956,Ginelle,Stoke,gstokeqj@theguardian.com,Female,144.69.109.188
957,Aurlie,Skullet,askulletqk@columbia.edu,Female,45.236.233.10
958,Kiele,Uridge,kuridgeql@github.io,Female,215.97.44.140
959,Ronald,Whitecross,rwhitecrossqm@uol.com.br,Male,53.214.39.84
960,Grannie,Bonome,gbonomeqn@printfriendly.com,Male,137.115.207.86
961,Michaeline,Naylor,mnaylorqo@purevolume.com,Polygender,157.37.118.113
962,Anissa,Swayton,aswaytonqp@washingtonpost.com,Female,159.13.93.172
963,Sascha,Wallis,swallisqq@fc2.com,Female,54.248.166.136
964,Emery,Dumbleton,edumbletonqr@ovh.net,Male,167.48.92.111
965,Farra,Dust,fdustqs@psu.edu,Female,57.143.39.240
966,Sharai,Snoxill,ssnoxillqt@geocities.com,Female,2.161.65.116
967,Willyt,Kondratovich,wkondratovichqu@51.la,Female,201.212.163.194
968,Hattie,Barenski,hbarenskiqv@mayoclinic.com,Female,185.194.221.218
969,Geri,Petrolli,gpetrolliqw@xinhuanet.com,Non-binary,74.230.45.116
970,Maddy,Dickie,mdickieqx@dyndns.org,Female,23.85.46.112
971,Jacques,Vasyukhnov,jvasyukhnovqy@youtube.com,Male,206.218.113.144
972,Devan,Pentecust,dpentecustqz@state.tx.us,Female,128.171.92.240
973,Liesa,Ivanchov,livanchovr0@guardian.co.uk,Genderfluid,98.122.66.227
974,Hillary,Frisby,hfrisbyr1@usatoday.com,Male,88.41.5.78
975,Angelina,Le Brom,alebromr2@intel.com,Female,243.178.48.81
976,Karly,O'Luby,kolubyr3@free.fr,Female,153.77.64.227
977,Sheilah,Pinor,spinorr4@lulu.com,Female,28.48.193.38
978,Ibbie,Sissens,isissensr5@nps.gov,Genderfluid,109.159.248.196
979,Anatole,Rigmand,arigmandr6@apple.com,Male,46.119.155.93
980,Gualterio,Stannus,gstannusr7@bloomberg.com,Male,187.10.64.70
981,Alane,Cotterill,acotterillr8@ted.com,Female,13.147.29.104
982,Bogey,Labern,blabernr9@wp.com,Male,3.67.141.46
983,Melina,Kilbourne,mkilbournera@webeden.co.uk,Female,191.124.244.240
984,Othella,Gaspard,ogaspardrb@sakura.ne.jp,Female,155.111.27.255
985,Sallyann,Boodell,sboodellrc@dailymotion.com,Female,134.235.42.31
986,Petronille,Dils,pdilsrd@t.co,Bigender,63.89.95.226
987,Clary,Steuart,csteuartre@cmu.edu,Female,214.70.192.214
988,Marcia,Szachniewicz,mszachniewiczrf@businessinsider.com,Female,138.250.220.202
989,Jean,Penton,jpentonrg@biblegateway.com,Male,167.68.195.151
990,Nicki,Dirkin,ndirkinrh@gov.uk,Female,236.46.98.145
991,Bartholomew,Twelftree,btwelftreeri@dailymotion.com,Non-binary,53.251.234.155
992,Giordano,Swannell,gswannellrj@ucsd.edu,Male,66.66.31.108
993,Veronica,Maggi,vmaggirk@youtube.com,Female,144.46.72.80
994,Jackie,Caitlin,jcaitlinrl@sitemeter.com,Female,60.186.14.164
995,Lazar,Foyster,lfoysterrm@slideshare.net,Male,92.105.8.66
996,Leigh,Bernardos,lbernardosrn@yolasite.com,Male,45.29.23.214
997,Carney,Beeble,cbeeblero@edublogs.org,Male,146.8.202.252
998,Nicolis,Durham,ndurhamrp@biblegateway.com,Male,247.50.192.13
999,Thedrick,Ducker,tduckerrq@booking.com,Male,170.15.5.14
1000,Benny,Marshfield,bmarshfieldrr@blogger.com,Male,162.18.183.66
